movie_id,title,genres,release_year,rating,popularity
912649,Venom: The Last Dance,"[28, 878, 12]",2024,6.596,12656.263
1241982,Moana 2,"[16, 12, 10751, 35]",2024,6.8,4485.032
1035048,Elevation,"[28, 878, 53]",2024,6.4,2554.883
974453,Absolution,"[28, 80, 53]",2024,6.05,1846.723
1299652,Watchmen: Chapter II,"[16, 9648, 878, 28]",2024,7.7,1439.232
1182387,Armor,"[28, 80, 53]",2024,5.6,1423.925
957119,Sidelined: The QB and Me,"[35, 10749, 10770]",2024,6.6,1338.291
558449,Gladiator II,"[28, 12, 36]",2024,6.7,1262.621
1147416,"Miraculous World, London: At the Edge of Time","[16, 12, 28, 14]",2024,8.6,1219.844
1184918,The Wild Robot,"[16, 28, 878, 10751]",2024,8.4,1147.165
402431,Wicked,"[18, 10749, 14]",2024,7.6,1084.787
1100782,Smile 2,"[27, 9648]",2024,6.581,970.057
1118031,Apocalypse Z: The Beginning of the End,"[18, 28, 27]",2024,6.86,958.51
1034541,Terrifier 3,"[27, 53]",2024,6.85,922.731
945961,Alien: Romulus,"[27, 878]",2024,7.2,917.605
933260,The Substance,"[27, 878]",2024,7.3,900.139
533535,Deadpool & Wolverine,"[28, 35, 878]",2024,7.668,893.759
845781,Red One,"[28, 35, 14]",2024,6.6,864.206
1252470,Sikandar Ka Muqaddar,"[53, 80, 9648, 28]",2024,5.4,799.859
791042,Levels,"[28, 878, 53]",2024,5.7,792.543
1022789,Inside Out 2,"[16, 12, 35, 18, 10751]",2024,7.6,740.187
1171640,GTMAX,"[28, 80, 18]",2024,6.1,731.033
698687,Transformers One,"[16, 878, 12, 10751]",2024,8.11,725.848
1357633,Solo Leveling -ReAwakening-,"[28, 12, 14, 16]",2024,7.9,676.182
519182,Despicable Me 4,"[16, 10751, 35, 28]",2024,7.079,658.26
995803,Arena Wars,"[28, 878, 53, 35, 27]",2024,5.4,632.149
539972,Kraven the Hunter,"[28, 12, 53]",2024,5.2,614.323
1326059,Pimpinero: Blood and Oil,"[28, 80, 18]",2024,7.2,608.426
1106739,Juror #2,"[80, 18]",2024,6.979,574.153
1124641,Classified,"[28, 53]",2024,5.849,549.868
1097870,Dear Santa,"[35, 14, 27]",2024,6.636,539.202
592983,Spellbound,"[16, 14, 10751, 12, 35]",2024,6.757,538.536
1165466,Wake Up,"[27, 53, 28]",2024,7.357,518.841
1154223,Hunting With Tigers,"[28, 53]",2024,6.192,511.398
1010581,My Fault,"[10749, 18]",2023,7.917,501.948
1196470,Survive,"[53, 12, 28, 878]",2024,5.9,501.462
1051896,Arcadian,"[28, 27, 53, 878]",2024,6.127,498.238
1029235,Azrael,"[28, 27, 53]",2024,6.0,496.023
360920,The Grinch,"[16, 10751, 35, 14]",2018,6.864,477.459
645757,That Christmas,"[16, 35, 10751, 14, 12]",2024,7.571,471.257
1108427,Moana,"[12, 35, 10751, 14]",2026,0.0,450.513
1084863,The Soul Eater,"[53, 27, 80, 9648]",2024,6.2,445.839
1252309,Pídeme lo que quieras,"[10749, 18]",2024,8.4,430.689
1100099,We Live in Time,"[10749, 18]",2024,7.6,402.325
762509,Mufasa: The Lion King,"[12, 10751, 18, 16]",2024,0.0,398.344
1014505,OVERLORD: The Sacred Kingdom,"[28, 12, 16, 14]",2024,7.886,387.572
8871,How the Grinch Stole Christmas,"[10751, 35, 14]",2000,6.765,387.314
1100856,Whisper of the Witch,"[27, 53]",2024,6.8,382.56
1331375,Dominique,"[28, 53]",2024,7.6,380.469
1064028,Subservience,"[878, 53, 27]",2024,6.7,379.934
1084736,The Count of Monte-Cristo,"[28, 12, 18, 36, 10749, 53]",2024,8.2,378.959
573435,Bad Boys: Ride or Die,"[28, 35]",2024,7.5,370.304
482600,Japanese Mom,"[10749, 18]",2017,6.2,364.704
365177,Borderlands,"[28, 878, 35]",2024,5.8,362.143
772,Home Alone 2: Lost in New York,"[35, 10751, 12]",1992,6.7,360.651
639720,IF,"[35, 14, 10751]",2024,7.3,354.319
823219,Flow,"[16, 14, 12]",2024,8.5,351.307
1116490,Cash Out,"[28, 53]",2024,6.347,350.997
839033,The Lord of the Rings: The War of the Rohirrim,"[16, 14]",2024,7.1,345.151
299536,Avengers: Infinity War,"[12, 28, 878]",2018,8.2,342.224
580489,Venom: Let There Be Carnage,"[878, 28, 12]",2021,6.798,341.095
857598,Pushpa 2 - The Rule,"[80, 28, 53]",2024,6.6,341.047
972614,Knox Goes Away,"[80, 53, 28]",2024,6.9,340.279
1296753,Remnant,"[878, 27, 53]",2024,3.3,339.275
1208808,The Haunting Of The Immaculate Nurse,[27],2024,4.3,335.286
354912,Coco,"[10751, 16, 10402, 12]",2017,8.209,324.72
978796,Bagman,"[27, 53]",2024,6.1,322.713
957452,The Crow,"[28, 14, 27]",2024,5.9,322.177
939243,Sonic the Hedgehog 3,"[12, 35, 10751, 878, 28]",2024,0.0,320.969
1156593,Culpa tuya,"[18, 10749]",2024,0.0,315.641
787699,Wonka,"[35, 10751, 14]",2023,7.112,314.608
1125510,The Platform 2,"[878, 27]",2024,5.6,313.987
1371727,Sing: Thriller,"[16, 10751, 35]",2024,7.359,309.146
786892,Furiosa: A Mad Max Saga,"[28, 878, 12]",2024,7.5,303.991
569094,Spider-Man: Across the Spider-Verse,"[16, 28, 12, 878]",2023,8.354,301.999
335983,Venom,"[878, 28]",2018,6.834,301.84
1234811,Our Little Secret,"[10749, 35, 18]",2024,6.4,301.555
917496,Beetlejuice Beetlejuice,"[35, 14, 27]",2024,7.142,301.459
259872,Skin. Like. Sun.,[10749],2010,6.523,299.557
653346,Kingdom of the Planet of the Apes,"[878, 12, 28]",2024,7.1,296.47
1355755,An Almost Christmas Story,"[16, 12, 14, 10751]",2024,7.6,294.025
1340602,Las tías,[27],2024,6.8,293.332
1041317,Battle for the Western Front,[10752],2022,5.65,291.934
976734,Canary Black,"[28, 53, 80]",2024,6.4,288.229
1167271,Weekend in Taipei,"[28, 12, 53]",2024,6.1,287.913
1203236,Nutcrackers,"[35, 18]",2024,5.8,284.192
1011985,Kung Fu Panda 4,"[16, 10751, 14, 28]",2024,7.1,281.328
1388232,Jack in Time for Christmas,"[35, 12]",2024,4.8,279.817
1063877,Don't Move,"[53, 27]",2024,6.4,275.52
889737,Joker: Folie à Deux,"[18, 80, 53]",2024,5.563,274.774
634649,Spider-Man: No Way Home,"[28, 12, 878]",2021,8.0,274.537
1287717,Do Not Enter,[27],2024,7.4,272.385
359410,Road House,"[28, 53]",2024,6.979,269.554
1391524,Christmas Is Cancelled,[35],2024,7.0,266.034
1144962,Transmorphers: Mech Beasts,"[28, 878]",2023,5.5,265.58
726139,Project Silence,"[28, 53, 27, 878]",2024,7.048,260.523
1149913,TOGEFILM - Mei Mei,"[18, 10749]",2023,10.0,257.346
1142518,Freedom,"[28, 10749, 18]",2024,6.6,256.528
592695,Pleasure,[18],2021,6.223,256.224
799583,The Ministry of Ungentlemanly Warfare,"[28, 35, 10752]",2024,7.1,249.835
974576,Conclave,"[53, 18]",2024,6.99,248.687
1159311,My Hero Academia: You're Next,"[16, 28, 12, 878]",2024,6.8,247.771
748783,The Garfield Movie,"[16, 35, 10751, 12, 28]",2024,7.1,247.611
568124,Encanto,"[16, 35, 10751, 14]",2021,7.6,246.406
98,Gladiator,"[28, 18, 12]",2000,8.216,244.873
823464,Godzilla x Kong: The New Empire,"[28, 12, 878]",2024,7.1,244.63
348,Alien,"[27, 878]",1979,8.159,241.892
18785,The Hangover,[35],2009,7.3,239.135
157336,Interstellar,"[12, 18, 878]",2014,8.4,238.105
385687,Fast X,"[28, 80, 53]",2023,7.1,237.897
693134,Dune: Part Two,"[878, 12]",2024,8.1,236.638
346698,Barbie,"[35, 12]",2023,7.0,236.179
567811,10 Lives,"[16, 35, 10751, 14]",2024,8.0,235.969
616446,Brothers,"[28, 35, 80]",2024,6.032,235.428
718821,Twisters,"[53, 28]",2024,6.932,234.986
1079091,It Ends with Us,"[10749, 18]",2024,7.3,233.961
1094974,Take Cover,"[28, 53]",2024,6.9,230.293
1354627,SpongeBob Squarepants: Kreepaway Kamp,"[10770, 10751, 35, 27, 16]",2024,7.0,229.117
1151949,The Shadow Strays,"[28, 80, 53]",2024,7.4,224.251
588555,My Grandfather's Demons,"[16, 18, 14]",2022,6.1,222.554
1079091,It Ends with Us,"[10749, 18]",2024,7.3,233.961
1147710,Hijack 1971,"[28, 53, 80]",2024,6.3,209.591
1094974,Take Cover,"[28, 53]",2024,6.9,230.293
1149913,TOGEFILM - Mei Mei,"[18, 10749]",2023,10.0,257.346
1145491,Operation Black Ops,"[28, 53]",2023,5.55,203.496
173705,Female Teacher: In Front of the Students,"[18, 9648, 27]",1982,6.6,200.03
287903,Krampus,"[27, 35, 14]",2015,6.2,186.732
814889,Never Let Go,"[27, 18]",2024,6.3,199.619
216015,Fifty Shades of Grey,"[18, 10749, 53]",2015,5.884,216.775
787699,Wonka,"[35, 10751, 14]",2023,7.1,314.608
588555,My Grandfather's Demons,"[16, 18, 14]",2022,6.1,222.554
1066262,The Convert,"[28, 18]",2024,6.2,199.191
1225977,Last Night at Terrace Lanes,"[27, 53, 35]",2024,5.5,176.722
671,Harry Potter and the Philosopher's Stone,"[12, 14]",2001,7.9,218.592
829557,365 Days: This Day,"[10749, 18]",2022,5.878,213.715
940551,Migration,"[16, 28, 12, 35, 10751]",2023,7.4,216.392
928480,Monster Summer,"[12, 14, 9648, 27]",2024,6.5,213.445
335984,Blade Runner 2049,"[878, 18]",2017,7.6,136.453
667538,Transformers: Rise of the Beasts,"[878, 12, 28]",2023,7.289,216.554
550,Fight Club,[18],1999,8.437,208.31
1145491,Operation Black Ops,"[28, 53]",2023,5.55,203.496
1047373,The Silent Hour,"[80, 53, 28]",2024,6.3,203.379
566525,Shang-Chi and the Legend of the Ten Rings,"[28, 12, 14]",2021,7.544,202.537
1129598,Prey,"[28, 53, 27]",2024,6.3,202.032
475557,Joker,"[80, 53, 18]",2019,8.1,201.229
1328814,Amityville: Where the Echo Lives,"[27, 9648]",2024,6.3,201.007
1138194,Heretic,"[27, 53]",2024,7.1,200.766
173705,Female Teacher: In Front of the Students,"[18, 9648, 27]",1982,6.6,200.03
20352,Despicable Me,"[16, 10751, 35]",2010,7.245,199.97
814889,Never Let Go,"[27, 18]",2024,6.3,199.619
1066262,The Convert,"[28, 18]",2024,6.2,199.191
1064213,Anora,"[35, 18, 10749]",2024,7.3,197.398
1079485,Winnie-the-Pooh: Blood and Honey 2,"[27, 53]",2024,6.14,196.675
923667,Twilight of the Warriors: Walled In,"[28, 12, 80, 53]",2024,6.9,193.258
156022,The Equalizer,"[53, 28, 80]",2014,7.3,192.911
1216191,Oddity,"[27, 9648]",2024,6.9,191.498
293660,Deadpool,"[28, 12, 35]",2016,7.624,190.413
5492,Gunner,"[28, 53, 80]",2024,5.358,189.226
929590,Civil War,"[10752, 28, 18]",2024,6.902,187.781
940139,Here,[18],2024,6.4,187.589
588648,Dragonkeeper,"[28, 12, 16, 10751, 14]",2024,7.6,171.865
13,Forrest Gump,"[35, 18, 10749]",1994,8.5,134.767
166428,How to Train Your Dragon: The Hidden World,"[16, 10751, 12]",2019,7.751,151.363
675353,Sonic the Hedgehog 2,"[28, 12, 10751, 35]",2022,7.497,173.852
940139,Here,[18],2024,6.421,187.589
592831,Megalopolis,"[878, 18]",2024,5.5,164.917
1087822,Hellboy: The Crooked Man,"[14, 27, 28]",2024,5.3,175.968
10191,How to Train Your Dragon,"[14, 12, 16, 10751]",2010,7.8,147.251
120,The Lord of the Rings: The Fellowship of the Ring,"[12, 14, 28]",2001,8.416,180.978
411,"The Chronicles of Narnia: The Lion, the Witch and the Wardrobe","[12, 10751, 14]",2005,7.1,162.17
447277,The Little Mermaid,"[12, 10751, 14, 10749]",2023,6.345,110.603
502356,The Super Mario Bros. Movie,"[16, 10751, 12, 14, 35]",2023,7.642,164.717
1029281,Strange Darling,"[80, 27, 53]",2024,7.0,163.114
238,The Godfather,"[18, 80]",1972,8.689,184.558
527435,The Christmas Chronicles,"[35, 12, 10751, 14]",2018,7.145,139.1
5492,Gunner,"[28, 53, 80]",2024,5.3,189.226
1337309,Bangkok Breaking: Heaven and Hell,"[28, 80, 18, 53]",2024,6.6,155.405
824003,Diabolik - Who Are You?,"[80, 28]",2023,6.4,168.197
453395,Doctor Strange in the Multiverse of Madness,"[14, 28, 12]",2022,7.3,107.059
1140648,Double Blind,"[878, 27, 53]",2024,5.853,136.841
46195,Rio,"[16, 12, 35, 10751]",2011,6.7,172.696
947891,My Old Ass,"[35, 18]",2024,6.7,172.344
588648,Dragonkeeper,"[28, 12, 16, 10751, 14]",2024,7.6,171.865
562,Die Hard,"[28, 53]",1988,7.794,171.347
438631,Dune,"[878, 12]",2021,7.782,170.289
190859,American Sniper,"[10752, 28]",2014,7.426,168.805
5255,The Polar Express,"[16, 12, 10751, 14]",2004,6.7,168.683
228150,Fury,"[10752, 18, 28]",2014,7.539,168.499
824003,Diabolik - Who Are You?,"[80, 28]",2023,6.4,168.197
783110,Smugglers,"[80, 28]",2023,6.6,167.127
809,Shrek 2,"[16, 10751, 35, 14, 12, 10749]",2004,7.282,166.867
827931,Time Cut,"[27, 878, 53]",2024,5.675,166.645
1147400,"Miraculous World: Paris, Tales of Shadybug and Claw Noir","[16, 12, 28, 14, 10751]",2023,7.213,166.624
315162,Puss in Boots: The Last Wish,"[16, 12, 14, 35, 10751]",2022,8.221,166.342
1154215,Elyas,"[28, 53]",2024,6.2,166.158
592831,Megalopolis,"[878, 18]",2024,5.5,164.917
502356,The Super Mario Bros. Movie,"[16, 10751, 12, 14, 35]",2023,7.642,164.717
672,Harry Potter and the Chamber of Secrets,"[12, 14]",2002,7.7,164.466
1029281,Strange Darling,"[80, 27, 53]",2024,7.0,163.114
277834,Moana,"[12, 35, 10751, 16]",2016,7.6,162.582
411,"The Chronicles of Narnia: The Lion, the Witch and the Wardrobe","[12, 10751, 14]",2005,7.135,162.17
1210794,Trouble,"[28, 35, 80]",2024,6.793,161.907
1059264,The Inseparables,"[16, 12, 35, 10751]",2023,6.5,160.635
674,Harry Potter and the Goblet of Fire,"[12, 14]",2005,7.8,160.414
420818,The Lion King,"[16, 12, 18, 10751]",2019,7.1,160.143
882598,Smile,"[27, 9648]",2022,6.665,159.676
646385,Scream,"[27, 9648, 53]",2022,6.7,158.77
269509,The Canterville Ghost,"[16, 35, 10751, 14]",2023,6.3,158.137
974950,Emilia Pérez,"[18, 53]",2024,7.863,156.99
866398,The Beekeeper,"[80, 28, 53]",2024,7.347,156.576
831815,Saving Bikini Bottom: The Sandy Cheeks Movie,"[16, 35, 12, 10751]",2024,6.302,156.46
507241,The Killer's Game,"[28, 35, 80]",2024,6.8,156.121
420634,Terrifier,"[27, 53]",2018,6.4,155.942
1337309,Bangkok Breaking: Heaven and Hell,"[28, 80, 18, 53]",2024,6.6,155.405
1226578,Longlegs,"[27, 53, 80]",2024,6.6,153.895
1214484,Let Go,[18],2024,7.942,153.688
877817,Wolfs,"[35, 28, 80]",2024,6.6,152.705
926393,The Equalizer 3,"[28, 53, 80]",2023,7.33,152.526
72808,The Flesh,"[18, 10749]",1991,5.3,152.409
166428,How to Train Your Dragon: The Hidden World,"[16, 10751, 12]",2019,7.8,151.363
877817,Wolfs,"[35, 28, 80]",2024,6.6,152.705
197158,Porno,"[18, 27, 14, 35]",1981,4.882,210.851
926393,The Equalizer 3,"[28, 53, 80]",2023,7.3,152.526
72808,The Flesh,"[18, 10749]",1991,5.3,152.409
177572,Big Hero 6,"[12, 10751, 16, 28, 35]",2014,7.732,130.121
76600,Avatar: The Way of Water,"[878, 12, 28]",2022,7.62,151.245
1243381,Mary,"[18, 36, 28]",2024,6.4,150.294
12444,Harry Potter and the Deathly Hallows: Part 1,"[12, 14]",2010,7.7,149.827
150540,Inside Out,"[16, 10751, 12, 18, 35]",2015,7.9,126.962
1255208,Bag of Lies,"[27, 53]",2024,6.1,149.567
597,Titanic,"[18, 10749]",1997,7.9,149.407
122,The Lord of the Rings: The Return of the King,"[12, 14, 28]",2003,8.5,148.848
10191,How to Train Your Dragon,"[14, 12, 16, 10751]",2010,7.8,147.251
796,Cruel Intentions,"[18, 10749]",1999,6.802,146.765
1232449,Young Hearts,"[18, 10751]",2024,9.0,146.451
323260,The Gigolo,"[10749, 18, 35]",2015,5.1,146.362
1005331,Carry-On,"[28, 53, 9648]",2024,0.0,145.412
458156,John Wick: Chapter 3 - Parabellum,"[28, 53, 80]",2019,7.447,145.254
345887,The Equalizer 2,"[28, 53, 80]",2018,6.8,122.292
792307,Poor Things,"[878, 10749, 35]",2023,7.728,145.128
1241748,Kalikot,[18],2024,6.5,143.569
1100642,'Twas the Text Before Christmas,"[10749, 35, 10770]",2023,6.6,143.434
820530,Dakaichi: I'm Being Harassed by the Sexiest Man of the Year—The Movie: In Spain,"[16, 18, 35, 10749]",2021,7.5,121.479
12445,Harry Potter and the Deathly Hallows: Part 2,"[14, 12]",2011,8.1,143.398
12,Finding Nemo,"[16, 10751]",2003,7.82,143.113
1373893,Joni pata de conejo,[28],2024,6.5,111.43
1321476,Zuzubalândia - O Filme,[16],2024,6.0,122.202
1022796,Wish,"[16, 10751, 14, 12]",2023,6.3,128.22
561,Constantine,"[14, 28, 27]",2005,7.093,142.468
2062,Ratatouille,"[16, 35, 10751, 14]",2007,7.8,142.431
155,The Dark Knight,"[18, 28, 80, 53]",2008,8.5,142.229
652,Troy,"[12, 36, 10752]",2004,7.2,141.83
22705,Cheeky,"[35, 18, 10749]",2000,5.7,141.787
829560,The Next 365 Days,"[10749, 18]",2022,6.4,136.623
1153291,Private call,"[53, 28]",2023,7.0,109.325
1233327,Matka,"[28, 80]",2024,5.8,83.892
549053,Last Christmas,"[35, 10749]",2019,7.24,139.793
12153,White Chicks,"[35, 80]",2004,7.0,139.236
284054,Black Panther,"[28, 12, 878]",2018,7.382,138.884
72808,The Flesh,"[18, 10749]",1991,5.3,152.409
630586,Wrong Turn,"[27, 53]",2021,5.981,138.093
22,Pirates of the Caribbean: The Curse of the Black Pearl,"[12, 14, 28]",2003,7.806,137.932
10625,Mean Girls,"[18, 35]",2004,7.211,137.631
559,Spider-Man 3,"[28, 12, 878]",2007,6.433,137.371
8587,The Lion King,"[10751, 16, 18]",1994,8.256,137.265
9479,The Nightmare Before Christmas,"[14, 16, 10751]",1993,7.841,137.2
1140648,Double Blind,"[878, 27, 53]",2024,5.853,136.841
829560,The Next 365 Days,"[10749, 18]",2022,6.4,136.623
335984,Blade Runner 2049,"[878, 18]",2017,7.6,136.453
588228,The Tomorrow War,"[28, 878, 12]",2021,7.531,136.382
1094274,Y2K,"[35, 27, 878]",2024,5.3,136.374
345940,The Meg,"[28, 878, 27]",2018,6.3,136.28
675,Harry Potter and the Order of the Phoenix,"[12, 14]",2007,7.7,134.996
109445,Frozen,"[16, 10751, 12, 14]",2013,7.245,134.957
62961,Metal Skin Panic MADOX-01,"[878, 28, 35, 16]",1987,5.4,134.914
13,Forrest Gump,"[35, 18, 10749]",1994,8.5,134.767
82702,How to Train Your Dragon 2,"[14, 28, 12, 16, 35, 10751]",2014,7.7,134.223
1086747,The Watchers,"[27, 9648, 53]",2024,6.5,134.063
198184,Chappie,"[80, 28, 878]",2015,6.789,134.058
1358820,A Nonsense Christmas with Sabrina Carpenter,[10402],2024,7.647,133.686
28468,The Key,"[18, 10749]",1983,5.975,133.633
564,The Mummy,"[12, 28, 14]",1999,6.936,132.206
632856,Spirited,[35],2022,6.958,131.995
426889,Le clitoris,"[16, 99]",2016,6.1,130.841
646683,The Exorcism,"[27, 53]",2024,5.061,130.589
474350,It Chapter Two,"[27, 18, 14]",2019,6.843,130.242
1075794,Leo,"[16, 35, 10751]",2023,7.477,130.143
177572,Big Hero 6,"[12, 10751, 16, 28, 35]",2014,7.732,130.121
1059128,Queer,"[18, 10749]",2024,4.8,129.478
10830,Matilda,"[35, 10751, 14]",1996,7.2,129.406
122917,The Hobbit: The Battle of the Five Armies,"[28, 12, 14]",2014,7.323,129.333
1111873,Abigail,"[27, 53]",2024,6.799,129.276
767,Harry Potter and the Half-Blood Prince,"[12, 14]",2009,7.7,128.516
1087388,Sting,"[27, 878, 53]",2024,6.2,128.281
1022796,Wish,"[16, 10751, 14, 12]",2023,6.3,128.22
872585,Oppenheimer,"[18, 36]",2023,8.081,128.184
680,Pulp Fiction,"[53, 80]",1994,8.5,128.141
79443,The Smurfs: A Christmas Carol,"[16, 35, 10751]",2011,6.7,127.768
707610,Bosomy Mom,"[18, 10749]",2020,5.9,127.599
1104171,Meet Me Next Christmas,"[10749, 35]",2024,6.3,127.195
414906,The Batman,"[80, 9648, 53]",2022,7.7,127.081
150540,Inside Out,"[16, 10751, 12, 18, 35]",2015,7.9,126.962
640146,Ant-Man and the Wasp: Quantumania,"[28, 12, 878]",2023,6.3,126.874
565770,Blue Beetle,"[28, 878, 12]",2023,6.7,125.856
50270,Paprika,"[18, 10749]",1991,6.974,125.742
634528,The Marksman,"[28, 18, 53]",2021,6.839,125.685
1191611,Camp Crasher,"[35, 10749]",2024,7.2,125.572
575264,Mission: Impossible - Dead Reckoning Part One,"[28, 12]",2023,7.547,125.509
508883,The Boy and the Heron,"[16, 12, 14, 10751, 18]",2023,7.471,125.255
370172,No Time to Die,"[28, 53, 12]",2021,7.373,124.971
27578,The Expendables,"[53, 12, 28]",2010,6.2,124.288
299534,Avengers: Endgame,"[12, 878, 28]",2019,8.2,124.211
232672,Blended,"[35, 10749]",2014,6.879,124.056
1249532,Rippy,"[27, 9648]",2024,4.8,123.676
1062215,Afraid,"[27, 878, 53]",2024,6.154,123.5
447365,Guardians of the Galaxy Vol. 3,"[878, 12, 28]",2023,7.965,123.45
62835,Colombiana,"[28, 53, 80, 18]",2011,6.623,123.074
36647,Blade,"[27, 28]",1998,6.805,122.479
337167,Fifty Shades Freed,"[18, 10749]",2018,6.7,122.427
121,The Lord of the Rings: The Two Towers,"[12, 14, 28]",2002,8.4,122.348
345887,The Equalizer 2,"[28, 53, 80]",2018,6.76,122.292
1321476,Zuzubalândia - O Filme,[16],2024,6.0,122.202
27205,Inception,"[28, 878, 12]",2010,8.4,122.2
10719,Elf,"[35, 10751, 14]",2003,6.7,121.934
862,Toy Story,"[16, 12, 10751, 35]",1995,7.971,121.862
197,Braveheart,"[28, 18, 36, 10752]",1995,7.9,121.775
949484,Hounds of War,"[28, 53]",2024,6.5,121.759
1241752,Rita,[18],2024,6.7,121.682
820530,Dakaichi: I'm Being Harassed by the Sexiest Man of the Year—The Movie: In Spain,"[16, 18, 35, 10749]",2021,7.5,121.479
363676,Sully,"[18, 36]",2016,7.193,121.265
36557,Casino Royale,"[12, 28, 53]",2006,7.559,121.022
807339,Apartment 7A,"[27, 53]",2024,6.109,120.723
476669,The King's Man,"[28, 12, 53]",2021,6.751,120.215
585,"Monsters, Inc.","[16, 35, 10751]",2001,7.8,120.105
106646,The Wolf of Wall Street,"[80, 18, 35]",2013,8.0,119.995
550205,Wish Dragon,"[16, 10751, 35, 14]",2021,7.883,119.981
24428,The Avengers,"[878, 28, 12]",2012,7.723,119.893
91314,Transformers: Age of Extinction,"[878, 28, 12]",2014,5.939,119.791
8681,Taken,"[28, 53]",2008,7.4,119.42
609681,The Marvels,"[878, 12, 28]",2023,6.061,119.215
108450,The Smile of the Fox,"[53, 18, 10749]",1992,5.6,119.021
58,Pirates of the Caribbean: Dead Man's Chest,"[12, 14, 28]",2006,7.4,118.497
843527,The Idea of You,"[10749, 18, 35]",2024,7.4,118.384
372058,Your Name.,"[16, 10749, 18]",2016,8.485,118.19
801335,Girl in the Basement,"[53, 80, 10770]",2021,7.664,118.061
989730,Mononoke the Movie: The Phantom in the Rain,"[16, 14, 9648, 27]",2024,7.5,117.854
1160018,Kill,"[28, 80, 53, 18]",2024,7.2,116.668
1205317,Boyfriends,[],2024,0.0,116.367
1025596,Blood for Dust,"[28, 80, 53]",2024,5.7,116.185
1011516,The Present,"[35, 14, 10751]",2024,6.0,116.002
1290034,Defying Gravity: The Curtain Rises on Wicked,[99],2024,8.7,115.769
298618,The Flash,"[12, 28, 878]",2023,6.692,115.364
364,Batman Returns,"[28, 14]",1992,6.929,115.22
80278,The Impossible,"[18, 53, 36]",2012,7.363,115.081
1290287,Hot Frosty,"[10749, 35]",2024,6.037,114.572
929563,Big City Greens the Movie: Spacecation,"[16, 10751, 35, 10402, 10770]",2024,7.5,114.406
359724,Ford v Ferrari,"[18, 28, 36]",2019,8.007,114.281
1096197,No Way Up,"[53, 27, 28]",2024,6.37,114.272
698508,Redeeming Love,"[10749, 18, 37]",2022,7.862,113.652
57158,The Hobbit: The Desolation of Smaug,"[14, 12, 28]",2013,7.574,113.541
364689,Ferdinand,"[16, 10751, 12, 35]",2017,7.21,113.396
630,The Wizard of Oz,"[12, 14, 10751]",1939,7.586,113.38
646,Dr. No,"[12, 28, 53]",1962,7.0,113.24
936245,Hidden Face,"[9648, 53]",2024,6.2,113.206
1865,Pirates of the Caribbean: On Stranger Tides,"[12, 28, 14]",2011,6.554,113.051
896151,Blitz,"[10752, 18, 36]",2024,5.6,112.985
72784,The Loft,[53],2014,6.405,112.767
80321,Madagascar 3: Europe's Most Wanted,"[16, 10751, 35, 12]",2012,6.6,112.643
1280655,VIRGO,"[12, 10402]",2021,6.4,112.61
37165,The Truman Show,"[35, 18]",1998,8.1,112.382
959092,Mayhem!,"[28, 80, 18]",2023,6.7,112.292
280180,Beverly Hills Cop: Axel F,"[28, 35, 80]",2024,6.758,112.138
1122504,Exorcism in Utero,[27],2023,5.9,112.103
991610,Invasion,"[28, 18, 53]",2024,5.0,111.972
1212073,Sixty Minutes,[28],2024,6.8,111.828
587727,Busty Girlfriend,[10749],2019,7.5,111.818
458220,Palmer,[18],2021,8.1,111.5
1391409,Biggest Heist Ever,"[99, 80]",2024,6.7,111.454
1373893,Joni pata de conejo,[28],2024,6.5,111.43
572802,Aquaman and the Lost Kingdom,"[28, 12, 14]",2023,6.7,111.379
10867,Malena,[18],2000,7.421,111.268
1393614,Suspicion,[80],2024,5.333,111.138
460458,Resident Evil: Welcome to Raccoon City,"[27, 878, 28]",2021,6.0,111.028
807,Se7en,"[80, 9648, 53]",1995,8.4,111.027
976573,Elemental,"[16, 35, 10751, 14, 10749]",2023,7.6,110.76
931944,The Devil's Bath,"[27, 9648, 36]",2024,6.7,110.634
34851,Predators,"[878, 28, 53]",2010,6.271,110.627
447277,The Little Mermaid,"[12, 10751, 14, 10749]",2023,6.345,110.603
496243,Parasite,"[35, 53, 18]",2019,8.5,110.555
118,Charlie and the Chocolate Factory,"[12, 35, 10751, 14]",2005,7.05,110.512
1064375,Paradox Effect,"[28, 53]",2024,5.593,110.51
5825,National Lampoon's Christmas Vacation,[35],1989,7.2,110.464
17979,A Christmas Carol,"[16, 10751, 14]",2009,6.881,110.309
1209770,Bedspacer,"[53, 18]",2024,4.444,110.221
1949,Zodiac,"[80, 18, 9648, 53]",2007,7.5,109.861
638507,How to Train Your Dragon: Homecoming,"[16, 14, 12, 28, 10751]",2019,8.1,109.737
10674,Mulan,"[16, 10751, 12]",1998,7.908,109.643
976576,Emmanuelle,"[18, 10749]",2024,5.3,109.496
916192,"The Tunnel to Summer, the Exit of Goodbyes","[16, 18, 10749, 14]",2022,7.733,109.405
1153291,Private call,"[53, 28]",2023,7.0,109.325
1153291,Private call,"[53, 28]",2023,7.0,109.325
746036,The Fall Guy,"[28, 35, 10749]",2024,7.109,109.118
196867,Annie,"[35, 18, 10751]",2014,6.2,108.872
1200801,F Marry Kill,"[35, 53]",,0.0,108.856
840705,Blink Twice,"[9648, 27, 53]",2024,6.774,108.632
1209290,Justice League: Crisis on Infinite Earths Part Three,"[16, 878, 28]",2024,7.418,108.512
537915,After,"[10749, 18]",2019,7.1,108.34
1219685,An Ideal Father,"[18, 10770]",2024,6.3,108.275
1297185,Linda,[18],2024,7.5,107.859
459151,The Boss Baby: Family Business,"[16, 35, 12, 10751]",2021,7.4,107.764
14836,Coraline,"[16, 10751, 14]",2009,7.9,107.365
453395,Doctor Strange in the Multiverse of Madness,"[14, 28, 12]",2022,7.3,107.059
138843,The Conjuring,"[27, 53]",2013,7.54,106.957
1223178,Umamusume: Pretty Derby – Beginning of a New Era,"[16, 18, 35, 14]",2024,8.7,106.761
281957,The Revenant,"[37, 18, 12]",2015,7.533,106.682
19908,Zombieland,"[35, 27]",2009,7.261,106.476
63,Twelve Monkeys,"[878, 53, 9648]",1995,7.6,105.973
1186947,Outlaw,"[28, 80, 18]",2024,6.0,105.951
11970,Hercules,"[16, 10751, 14, 12, 35, 10749]",1997,7.5,105.873
37135,Tarzan,"[10751, 12, 16, 18]",1999,7.4,105.871
324786,Hacksaw Ridge,"[18, 36, 10752]",2016,8.196,105.655
37724,Skyfall,"[28, 12, 53]",2012,7.2,105.629
1072790,Anyone But You,"[10749, 35]",2023,6.944,105.577
1358752,Skinford 2: The Curse,"[53, 28]",2024,2.0,105.485
218,The Terminator,"[28, 53, 878]",1984,7.7,105.279
628922,Asphalt City,"[53, 18]",2024,6.1,105.248
507086,Jurassic World Dominion,"[12, 28, 878]",2022,6.691,105.197
460465,Mortal Kombat,"[28, 14, 12]",2021,7.034,105.162
6479,I Am Legend,"[18, 878, 53]",2007,7.208,105.024
335988,Transformers: The Last Knight,"[28, 12, 878]",2017,6.055,104.812
269149,Zootopia,"[16, 12, 10751, 35]",2016,7.7,104.789
36586,Blade II,"[14, 27, 28, 53]",2002,6.552,104.607
1244492,Look Back,"[16, 18]",2024,7.953,104.311
205587,The Judge,[18],2014,7.324,104.18
278924,Mechanic: Resurrection,"[28, 80, 53]",2016,6.017,104.17
277217,Descendants,"[10751, 12, 14, 10770]",2015,7.14,103.937
68718,Django Unchained,"[18, 37]",2012,8.2,103.622
38055,Megamind,"[16, 28, 35, 10751, 878]",2010,6.997,103.232
989662,A Different Man,"[35, 18]",2024,7.1,103.115
437342,The First Omen,[27],2024,6.9,102.988
1059064,The Instigators,"[80, 35, 28]",2024,6.217,102.921
1142780,A Royal Date for Christmas,"[10749, 35, 10770]",2023,6.2,102.88
324857,Spider-Man: Into the Spider-Verse,"[16, 28, 12, 878]",2018,8.399,102.64
1069387,Pedro Páramo,"[18, 9648, 53, 14, 37]",2024,6.735,102.587
348893,Boyka: Undisputed IV,"[28, 18]",2016,7.155,102.571
603,The Matrix,"[28, 878]",1999,8.218,102.517
3933,Corpse Bride,"[10749, 14, 16]",2005,7.581,102.386
938614,Late Night with the Devil,[27],2024,7.2,102.259
1930,The Amazing Spider-Man,"[28, 12, 878]",2012,6.7,102.234
355547,The Star,"[35, 12, 16, 10751, 14]",2017,6.325,102.194
286217,The Martian,"[18, 12, 878]",2015,7.687,102.158
68726,Pacific Rim,"[28, 878, 12]",2013,6.9,102.06
27066,The Voyeur,"[18, 10749]",1994,5.48,101.916
20526,TRON: Legacy,"[12, 28, 878]",2010,6.5,101.655
225886,Sex Tape,[35],2014,5.403,101.622
1924,Superman,"[878, 28, 12]",1978,7.135,101.596
654974,Home Sweet Home Alone,"[35, 80, 10751]",2021,4.9,101.522
193756,Lone Survivor,"[10752, 28, 18]",2013,7.4,101.426
953,Madagascar,"[10751, 16, 12, 35]",2005,6.9,101.391
28,Apocalypse Now,"[18, 10752]",1979,8.3,101.347
601796,Alienoid,"[878, 28, 14, 12]",2022,6.8,101.293
1359227,LEGO Marvel Avengers: Mission Demolition,"[16, 35, 878]",2024,6.8,101.22
1029575,The Family Plan,"[28, 35]",2023,7.261,101.19
146233,Prisoners,"[18, 53, 80]",2013,8.1,101.167
1127936,Paris Christmas Waltz,"[10749, 35, 10770]",2023,7.1,101.031
11688,The Emperor's New Groove,"[12, 16, 35, 10751, 14]",2000,7.6,101.016
1207830,Gracie & Pedro: Pets to the Rescue,"[16, 12, 35, 10751]",2024,6.765,100.909
940721,Godzilla Minus One,"[878, 27, 28]",2023,7.6,100.692
1139817,Officer Black Belt,"[28, 35, 80]",2024,7.8,100.658
2046,The Gift,"[27, 18, 53, 9648]",2000,6.4,100.577
205596,The Imitation Game,"[36, 18, 53, 10752]",2014,7.998,100.472
454626,Sonic the Hedgehog,"[28, 878, 35, 10751]",2020,7.314,100.38
2048,"I, Robot","[28, 878]",2004,6.952,99.813
567609,Ready or Not,"[27, 35]",2019,7.0,99.745
1071215,Thanksgiving,"[27, 9648, 53]",2023,6.557,99.704
1139566,Through My Window 3: Looking at You,"[10749, 18, 35]",2024,6.889,99.691
346364,It,[27],2017,7.2,99.642
636706,Spaceman,"[878, 12, 18]",2024,6.758,99.616
615656,Meg 2: The Trench,"[28, 878, 27]",2023,6.477,99.407
975022,You're Killing Me,"[27, 53, 28]",2023,5.8,99.35
363088,Ant-Man and the Wasp,"[28, 12, 878]",2018,6.93,99.172
36648,Blade: Trinity,"[28, 27, 878]",2004,5.861,99.121
396535,Train to Busan,"[27, 53, 28]",2016,7.757,98.662
27582,The Mechanic,"[28, 53, 80]",2011,6.523,98.358
38757,Tangled,"[16, 10751]",2010,7.604,98.34
274855,Geostorm,"[28, 878, 53]",2017,6.1,98.239
956842,Fly Me to the Moon,"[10749, 35]",2024,6.9,98.091
635302,Demon Slayer -Kimetsu no Yaiba- The Movie: Mugen Train,"[16, 28, 14, 53]",2020,8.211,98.036
260346,Taken 3,"[53, 28]",2014,6.3,98.015
10681,WALL·E,"[16, 10751, 878]",2008,8.1,97.924
204082,Homefront,"[28, 53]",2013,6.944,97.91
315635,Spider-Man: Homecoming,"[28, 12, 878, 18]",2017,7.334,97.905
639933,The Northman,"[28, 12, 14]",2022,7.1,97.455
387824,Mom's Friend,[18],2015,6.4,97.245
284053,Thor: Ragnarok,"[28, 12, 878]",2017,7.6,97.189
937287,Challengers,"[10749, 18]",2024,7.0,97.021
585083,Hotel Transylvania: Transformania,"[16, 35, 10751, 12, 14]",2022,7.076,96.566
324552,John Wick: Chapter 2,"[28, 53, 80]",2017,7.335,96.415
82675,Taken 2,"[28, 80, 53]",2012,6.358,96.391
36728,Naruto Shippuden the Movie: The Will of Fire,"[28, 12, 35, 18, 14, 16]",2009,7.319,96.099
460229,Kiss and Kill,"[9648, 53, 10749]",2017,5.473,96.027
276907,Legend,"[80, 53]",2015,7.059,96.006
1010161,The Clean Up Crew,"[28, 80, 53]",2024,5.4,95.898
640,Catch Me If You Can,"[18, 80]",2002,8.0,95.851
11,Star Wars,"[12, 28, 878]",1977,8.2,95.816
81188,Rise of the Guardians,"[16, 10751, 14, 28, 12]",2012,7.36,95.63
10882,Sleeping Beauty,"[14, 16, 10749, 10751]",1959,6.947,95.343
381288,Split,"[27, 53]",2017,7.344,95.267
1291559,Drawing Closer,"[10749, 18]",2024,8.55,95.185
1062807,SPY x FAMILY CODE: White,"[16, 35, 12, 28]",2023,7.042,95.151
799155,Attack,"[28, 878, 53]",2022,6.7,95.124
970347,The Killer,"[28, 53, 80]",2024,6.5,95.034
284052,Doctor Strange,"[28, 12, 14]",2016,7.423,94.983
1207898,The Jack in the Box Rises,[27],2024,6.9,94.854
660982,American Pie Presents: Girls' Rules,[35],2020,6.147,94.763
45933,The Nurse on a Military Tour,[35],1977,4.7,94.745
56292,Mission: Impossible - Ghost Protocol,"[28, 53, 12]",2011,7.091,94.679
245891,John Wick,"[28, 53]",2014,7.4,94.622
285,Pirates of the Caribbean: At World's End,"[12, 14, 28]",2007,7.3,94.389
467244,The Zone of Interest,"[18, 36]",2023,7.1,94.388
458723,Us,"[27, 53]",2019,6.968,94.245
1215185,Undercover,"[18, 80, 53]",2024,7.1,94.161
556694,Three Thousand Years of Longing,"[18, 14, 10749]",2022,6.9,93.92
273477,Scouts Guide to the Zombie Apocalypse,"[35, 27]",2015,6.533,93.914
1036921,And Mrs,[35],2024,6.0,93.85
549509,The Brutalist,[18],2024,0.0,93.776
425,Ice Age,"[16, 35, 10751, 12]",2002,7.4,93.551
240,The Godfather Part II,"[18, 80]",1974,8.572,93.454
55685,To Be Twenty,[35],1978,5.8,93.393
1032823,Trap,"[53, 80]",2024,6.441,93.355
810,Shrek the Third,"[14, 12, 16, 35, 10751]",2007,6.297,93.187
863,Toy Story 2,"[16, 35, 10751]",1999,7.6,93.169
3638,No Reservations,"[35, 10749, 18]",2007,6.654,93.124
1726,Iron Man,"[28, 878, 12]",2008,7.647,92.993
1155058,Watchmen: Chapter I,"[16, 18, 878]",2024,7.6,92.948
1135869,Salome,"[18, 10749]",2023,10.0,92.73
365620,Ferrari,"[36, 18]",2023,6.4,92.631
413846,1992,"[80, 53]",2024,7.0,92.583
785084,The Whale,[18],2022,7.84,92.532
381284,Hidden Figures,"[18, 36]",2016,8.058,92.487
360778,Female Ninjas Magic Chronicles 4: Rebel Forces at the Threshold,[28],1994,3.3,64.057
1726,Iron Man,"[28, 878, 12]",2008,7.647,92.993
1221404,Crayon Shin-chan: Ora's Dinosaur Diary,"[16, 12, 35, 10751]",2024,8.7,66.174
118249,Thriller Night,"[16, 10402, 27, 35]",2011,6.835,89.825
1135869,Salome,"[18, 10749]",2023,10.0,92.73
413846,1992,"[80, 53]",2024,7.0,92.583
785084,The Whale,[18],2022,7.84,92.532
4011,Beetlejuice,"[14, 35]",1988,7.379,92.479
1042657,Latency,"[878, 53, 27]",2024,5.5,81.387
969492,Land of Bad,"[28, 10752, 53]",2024,7.267,92.039
1155058,Watchmen: Chapter I,"[16, 18, 878]",2024,7.6,92.948
1059064,The Instigators,"[80, 35, 28]",2024,6.217,102.921
818647,Through My Window,"[10749, 18, 35]",2022,7.4,88.028
1187364,Mala persona,[35],2024,5.083,80.983
899112,Violent Night,"[35, 28]",2022,7.31,79.522
1585,It's a Wonderful Life,"[18, 10751, 14]",1946,8.3,91.513
1139095,Little Bites,[27],2024,6.4,91.297
1048241,My Spy The Eternal City,"[28, 35]",2024,6.7,91.287
1051891,Thelma,"[28, 35, 12]",2024,7.0,90.547
274291,Maladonna,[18],1984,5.0,91.191
999890,Sweethearts,"[10749, 35]",2024,5.4,89.935
507089,Five Nights at Freddy's,"[27, 9648]",2023,7.535,89.912
118249,Thriller Night,"[16, 10402, 27, 35]",2011,6.835,89.825
1927,Hulk,"[878, 12, 28]",2003,5.555,89.786
14324,Virgin Territory,"[12, 28, 35, 10749]",2007,4.827,89.592
68721,Iron Man 3,"[28, 12, 878]",2013,6.931,89.501
458576,Monster Hunter,"[28, 14, 12]",2020,6.6,89.498
360784,Hidden,"[53, 27]",2015,6.905,89.384
3558,"Girl, Interrupted",[18],1999,7.6,89.221
303857,Dragon Ball Z: Resurrection 'F',"[28, 16, 878]",2015,6.841,89.064
57214,Project X,[35],2012,6.883,89.039
585511,Luck,"[16, 12, 35, 14]",2022,7.771,89.019
629542,The Bad Guys,"[10751, 16, 12, 35, 80]",2022,7.6,89.006
36419,After.Life,"[18, 27, 9648, 53]",2009,6.3,88.945
1182047,The Apprentice,"[18, 36]",2024,6.9,88.889
49051,The Hobbit: An Unexpected Journey,"[12, 14, 28]",2012,7.357,88.786
8966,Twilight,"[14, 18, 10749]",2008,6.3,88.441
10567,Dinosaur,"[16, 10751, 12]",2000,6.546,88.362
9714,Home Alone 3,"[35, 10751]",1997,5.272,88.201
129,Spirited Away,"[16, 10751, 14]",2001,8.5,88.031
818647,Through My Window,"[10749, 18, 35]",2022,7.4,88.028
10530,Pocahontas,"[12, 16, 10751, 10749]",1995,6.9,87.836
970450,Werewolves,"[28, 27, 53]",2024,5.2,87.743
346910,The Predator,"[878, 28, 12]",2018,5.6,87.732
330457,Frozen II,"[10751, 16, 12, 35, 14]",2019,7.256,87.497
943344,Underground Monster,"[14, 12]",2023,5.333,87.419
1089123,Daddy's Head,[27],2024,6.0,87.4
374720,Dunkirk,"[10752, 28, 18]",2017,7.5,87.332
76341,Mad Max: Fury Road,"[28, 12, 878]",2015,7.617,87.322
1180173,The Restoration,"[18, 53]",2024,0.0,87.318
20982,Naruto Shippuden the Movie,"[16, 28, 14]",2007,7.399,87.287
670292,The Creator,"[28, 12, 878]",2023,7.094,87.045
296096,Me Before You,"[18, 10749]",2016,7.93,86.966
10693,Peter Pan,"[16, 10751, 12, 14]",1953,7.211,86.922
719221,Tarot,[27],2024,6.559,86.733
1262299,El Apocalipsis de san Juan,"[99, 36]",2024,10.0,86.654
14160,Up,"[16, 35, 10751, 12]",2009,7.959,86.637
661374,Glass Onion: A Knives Out Mystery,"[35, 80, 9648]",2022,7.1,86.505
781732,Animal,"[28, 80, 18]",2023,6.441,86.464
106,Predator,"[878, 28, 12, 53]",1987,7.534,86.462
46738,Incendies,"[18, 10752, 9648]",2010,8.106,86.293
38,Eternal Sunshine of the Spotless Mind,"[878, 18, 10749]",2004,8.096,86.208
214756,Ted 2,"[35, 14]",2015,6.307,85.993
1883,Malcolm X,"[18, 36]",1992,7.537,85.984
665,Ben-Hur,"[36, 18, 12, 28]",1959,7.883,85.956
851644,20th Century Girl,"[10749, 18]",2022,8.156,85.936
2105,American Pie,"[35, 10749]",1999,6.583,85.796
11036,The Notebook,"[10749, 18]",2004,7.889,85.736
1014590,Upgraded,"[10749, 35]",2024,7.243,85.669
10192,Shrek Forever After,"[35, 12, 14, 16, 10751]",2010,6.4,85.58
111,Scarface,"[28, 80, 18]",1983,8.2,85.474
1239511,Lucky Baskhar,"[18, 53, 80]",2024,7.7,85.445
1290486,The Merry Gentlemen,"[10749, 35]",2024,5.734,85.28
270946,Penguins of Madagascar,"[10751, 16, 12, 35]",2014,6.528,85.15
916728,Slingshot,"[878, 53]",2024,6.1,85.133
868759,Ghosted,"[28, 35, 10749]",2023,6.948,85.121
829402,Ultraman: Rising,"[16, 878, 10751, 28]",2024,8.249,85.091
2034,Training Day,"[28, 80, 18]",2001,7.501,85.075
4935,Howl's Moving Castle,"[14, 16, 12]",2004,8.4,85.056
645710,The Voyeurs,[53],2021,6.597,85.0
1239251,Megamind vs. the Doom Syndicate,"[16, 35, 878]",2024,4.845,84.948
1948,Crank,"[28, 53, 80]",2006,6.648,84.917
1188808,Tuhog,"[18, 10749]",2023,7.0,84.784
508943,Luca,"[16, 35, 14, 12, 10751]",2021,7.8,84.7
461130,Code 8,"[878, 28, 80]",2019,6.261,84.693
1094138,Jackpot!,"[35, 878, 28]",2024,6.4,84.633
438695,Sing 2,"[16, 10751, 10402, 35]",2021,7.863,84.513
646389,Plane,"[28, 12, 53]",2023,6.952,84.433
496450,"Miraculous: Ladybug & Cat Noir, The Movie","[16, 14, 28, 10749, 10751]",2023,7.664,84.426
642885,Hocus Pocus 2,"[14, 35, 10751]",2022,7.234,84.333
551271,Medieval,"[28, 18, 36]",2022,7.0,84.158
6477,Alvin and the Chipmunks,"[35, 10751, 14, 16]",2007,5.81,84.119
1152624,3 Days in Malay,"[28, 12, 10752]",2023,4.966,83.92
1233327,Matka,"[28, 80]",2024,5.8,83.892
206487,Predestination,"[878, 53]",2014,7.4,83.821
934632,Rebel Moon - Part Two: The Scargiver,"[878, 28]",2024,6.1,83.707
1003596,Avengers: Doomsday,"[878, 28]",2026,0.0,83.616
519465,Queen of Hearts,[18],2019,6.9,83.575
209112,Batman v Superman: Dawn of Justice,"[28, 12, 14]",2016,6.0,83.523
508947,Turning Red,"[16, 10751, 35, 14]",2022,7.4,83.393
10771,The Tuxedo,"[53, 28, 35, 878]",2002,5.7,83.314
12155,Alice in Wonderland,"[10751, 14, 12]",2010,6.639,83.225
955916,Lift,"[28, 35, 80]",2024,6.481,83.142
2019,Hard Target,"[28, 12, 80, 53]",1993,6.4,83.128
552524,Lilo & Stitch,"[10751, 878, 35]",2025,0.0,83.083
458897,Charlie's Angels,"[28, 12, 35]",2019,6.4,83.067
4247,Scary Movie,[35],2000,6.4,83.063
10020,Beauty and the Beast,"[10749, 10751, 16, 14]",1991,7.7,83.026
141052,Justice League,"[28, 12, 878]",2017,6.08,83.025
192141,No Escape,"[53, 28]",2015,6.921,82.904
695721,The Hunger Games: The Ballad of Songbirds & Snakes,"[18, 878, 28]",2023,7.1,82.758
460846,Security,"[28, 53, 80]",2017,6.3,82.704
2251,Unfaithful,"[53, 18, 10749]",2002,6.7,82.677
497,The Green Mile,"[14, 18, 80]",1999,8.507,82.642
353081,Mission: Impossible - Fallout,"[28, 12]",2018,7.4,82.497
1016121,Beautiful Disaster,"[10749, 18, 35]",2023,6.7,82.404
955555,The Roundup: No Way Out,"[28, 80, 35, 53]",2023,7.204,82.388
7451,xXx,"[28, 12, 53, 80]",2002,5.938,82.373
101,Léon: The Professional,"[80, 18, 28]",1994,8.306,82.3
64688,21 Jump Street,"[28, 35, 80]",2012,6.883,82.24
1169361,10 Days of a Curious Man,"[53, 18, 80]",2024,6.6,82.235
459003,Mavka: The Forest Song,"[16, 12, 10751, 14]",2023,7.25,82.064
321612,Beauty and the Beast,"[10751, 14, 10749]",2017,6.97,82.049
573171,Little Eggs: A Frozen Rescue,"[16, 12, 35, 10751]",2022,7.667,82.032
335977,Indiana Jones and the Dial of Destiny,"[12, 28]",2023,6.6,81.976
1331344,No Voltees,[27],2024,7.8,81.973
13194,Highlander: The Search for Vengeance,"[28, 16, 14, 878]",2007,7.2,81.903
1376704,Buy Now! The Shopping Conspiracy,[99],2024,6.9,81.884
72190,World War Z,"[28, 27, 878, 53]",2013,6.818,81.861
2756,The Abyss,"[12, 28, 53, 878]",1989,7.4,81.854
1088563,Lassie: A New Adventure,"[12, 10751]",2023,6.9,81.811
65,8 Mile,"[18, 10402]",2002,7.139,81.742
297762,Wonder Woman,"[28, 12, 14]",2017,7.222,81.74
804616,Something in the Water,"[53, 27]",2024,6.017,81.725
287947,Shazam!,"[28, 35, 14]",2019,7.0,81.668
635910,The Last Voyage of the Demeter,"[27, 53, 14]",2023,6.8,81.636
1087192,How to Train Your Dragon,"[14, 12, 10751]",2025,0.0,81.571
554600,Uri: The Surgical Strike,"[28, 18, 10752]",2019,7.026,81.536
99861,Avengers: Age of Ultron,"[28, 12, 878]",2015,7.274,81.493
294254,Maze Runner: The Scorch Trials,"[878, 28, 53, 12]",2015,6.732,81.456
978592,Sleeping Dogs,"[9648, 53, 80, 18]",2024,7.151,57.234
364689,Ferdinand,"[16, 10751, 12, 35]",2017,7.21,113.396
82675,Taken 2,"[28, 80, 53]",2012,6.358,96.391
177677,Mission: Impossible - Rogue Nation,"[28, 12]",2015,7.206,57.391
646,Dr. No,"[12, 28, 53]",1962,6.989,113.24
426063,Nosferatu,"[27, 14]",2024,0.0,80.781
278154,Ice Age: Collision Course,"[12, 16, 10751, 35, 878]",2016,6.1,67.368
1949,Zodiac,"[80, 18, 9648, 53]",2007,7.5,109.861
341174,Fifty Shades Darker,"[18, 10749]",2017,6.483,73.055
59440,Warrior,"[18, 28]",2011,7.849,60.602
955916,Lift,"[28, 35, 80]",2024,6.481,83.142
1130053,Cinderella's Curse,"[27, 14]",2024,6.3,70.346
80321,Madagascar 3: Europe's Most Wanted,"[16, 10751, 35, 12]",2012,6.612,112.643
971606,Out of My Mind,[18],2024,7.6,65.364
626412,Alienoid: Return to the Future,"[878, 28, 14, 12]",2024,6.574,68.115
68726,Pacific Rim,"[28, 878, 12]",2013,6.9,102.06
10591,The Girl Next Door,"[35, 10749]",2004,6.7,64.298
13394,Shrek the Halls,"[12, 16, 35, 14, 10751]",2007,6.349,66.022
140300,Kung Fu Panda 3,"[28, 12, 16, 35, 10751]",2016,6.914,57.523
1329912,Kung Fu Games,[28],2024,6.0,75.073
274870,Passengers,"[18, 10749, 878]",2016,7.0,80.252
466420,Killers of the Flower Moon,"[80, 36, 18]",2023,7.451,80.227
10198,The Princess and the Frog,"[16, 10749, 14, 10751]",2009,7.215,80.202
1292359,"Hello, Love, Again","[10749, 18]",2024,5.7,80.111
950387,A Minecraft Movie,"[12, 14, 10751, 35]",2025,0.0,79.998
820525,After Everything,"[10749, 18]",2023,6.9,79.958
893723,PAW Patrol: The Mighty Movie,"[16, 10751, 28, 878, 35, 18, 12]",2023,7.02,79.921
1361292,Cellar Door,[53],2024,6.306,79.86
7980,The Lovely Bones,"[14, 18]",2009,7.076,79.827
1231813,Sister Swapping,"[10749, 18]",2023,4.5,79.644
375785,Then Came You,"[35, 18]",2018,7.4,79.63
630004,The Vault,"[18, 28, 53]",2021,6.8,79.615
102382,The Amazing Spider-Man 2,"[28, 12, 878]",2014,6.5,79.564
899112,Violent Night,"[35, 28]",2022,7.31,79.522
18861,Naruto the Movie: Guardians of the Crescent Moon Kingdom,"[12, 16, 28]",2006,7.038,79.506
1024127,King of Killers,"[28, 53]",2023,6.5,79.494
9279,Jingle All the Way,"[10751, 35, 12]",1996,6.0,79.462
10138,Iron Man 2,"[12, 28, 878]",2010,6.8,79.459
9502,Kung Fu Panda,"[28, 12, 16, 10751, 35]",2008,7.293,79.419
47971,xXx: Return of Xander Cage,"[28, 12, 80]",2017,6.132,79.396
869291,Cuckoo,"[27, 9648, 878]",2024,5.8,70.022
263115,Logan,"[28, 18, 878]",2017,7.8,75.37
10483,Death Race,"[28, 53, 878]",2008,6.27,62.358
34851,Predators,"[878, 28, 53]",2010,6.271,110.627
19913,(500) Days of Summer,"[35, 18, 10749]",2009,7.3,71.353
1262983,MadS,"[27, 53]",2024,7.1,71.66
769,GoodFellas,"[18, 80]",1990,8.5,69.585
519465,Queen of Hearts,[18],2019,6.9,83.575
1028703,The OctoGames,"[53, 28, 27]",2022,5.433,68.09
1579,Apocalypto,"[28, 18, 36]",2006,7.577,69.049
454640,The Angry Birds Movie 2,"[16, 28, 14, 12, 35]",2019,7.1,47.183
4909,The Day of the Jackal,"[28, 53]",1973,7.5,64.295
337404,Cruella,"[35, 80, 10751, 12]",2021,8.007,64.058
1128941,The Demon Disorder,[27],2024,5.7,69.74
1581,The Holiday,"[35, 10749]",2006,7.1,66.287
13183,Watchmen,"[9648, 28, 878]",2009,7.338,74.25
247136,The Temptation of Kimono,"[18, 10749]",2009,5.8,59.788
1255616,La Hierba del Diablo,[27],2024,3.0,62.839
181808,Star Wars: The Last Jedi,"[12, 28, 878]",2017,6.789,63.989
14258,Wonderful Days,"[16, 878]",2003,6.14,75.731
1049574,Darkness of Man,[28],2024,6.627,78.241
984324,The Wages of Fear,[28],2024,6.231,78.23
948549,Love Lies Bleeding,"[10749, 80, 53]",2024,6.5,78.168
729165,Out of Exile,"[53, 18, 28, 80]",2023,6.4,78.168
10144,The Little Mermaid,"[16, 10751, 14]",1989,7.3,78.007
1060090,The Collective,"[28, 53]",2023,5.7,77.938
1049948,Vikings: Battle of Heirs,[28],2023,6.202,77.855
464052,Wonder Woman 1984,"[28, 12, 14]",2020,6.4,77.841
1008042,Talk to Me,[27],2023,7.155,77.837
508,Love Actually,"[35, 10749, 18]",2003,7.114,77.772
10009,Brother Bear,"[12, 16, 10751]",2003,7.267,77.667
150689,Cinderella,"[10749, 14, 10751, 18]",2015,6.82,77.581
38365,Grown Ups,[35],2010,6.394,77.549
11224,Cinderella,"[10751, 14, 16, 10749]",1950,7.0,77.424
1008409,The Bikeriders,"[80, 18]",2023,6.826,77.412
195589,Neighbors,[35],2014,6.187,77.382
1120911,Saturday Night,"[35, 18, 36]",2024,6.9,77.197
37136,The Naked Gun: From the Files of Police Squad!,"[35, 80]",1988,7.254,77.196
1014214,Singham Again,"[28, 18]",2024,5.2,77.07
462,Erin Brockovich,[18],2000,7.4,77.063
78383,Nurse 3-D,"[27, 53]",2013,5.3,77.003
1184495,Joy,[18],2024,6.8,76.974
631843,Old,"[53, 9648, 27]",2021,6.3,76.754
20453,3 Idiots,"[18, 35]",2009,8.001,76.705
36239,Slaughtered Vomit Dolls,"[27, 18]",2006,4.2,76.627
520763,A Quiet Place Part II,"[878, 53, 27]",2021,7.5,76.406
967847,Ghostbusters: Frozen Empire,"[14, 12, 35]",2024,6.5,76.309
376867,Moonlight,[18],2016,7.4,76.275
57165,Wrath of the Titans,"[14, 12, 28]",2012,5.7,76.196
168259,Furious 7,"[28, 53, 80]",2015,7.232,76.152
1382511,Maybe Baby 2,[35],2024,6.056,76.141
73723,The Lorax,"[16, 10751]",2012,6.497,76.129
287424,Maggie,"[27, 18]",2015,5.4,76.105
10193,Toy Story 3,"[16, 10751, 35]",2010,7.8,75.883
616037,Thor: Love and Thunder,"[14, 28, 35]",2022,6.4,75.874
568091,Fractured,[53],2019,6.731,75.76
14258,Wonderful Days,"[16, 878]",2003,6.14,75.731
297761,Suicide Squad,"[28, 12, 14]",2016,5.921,75.705
755679,Fast X: Part 2,"[28, 80, 53]",,0.0,75.698
3600,I Still Know What You Did Last Summer,"[27, 9648, 53]",1998,5.355,75.687
36670,Never Say Never Again,"[12, 28, 53]",1983,6.054,74.754
1167366,Uranus 2324,"[10749, 18, 878]",2024,6.3,74.741
968051,The Nun II,[27],2023,6.7,74.688
980489,Gran Turismo,"[12, 28, 18]",2023,7.808,74.64
484641,Anna,"[28, 12, 53]",2019,6.7,74.581
77338,The Intouchables,"[18, 35]",2011,8.275,74.526
9806,The Incredibles,"[28, 12, 16, 10751]",2004,7.7,74.45
271110,Captain America: Civil War,"[12, 28, 878]",2016,7.444,74.44
205587,The Judge,[18],2014,7.324,104.18
1141182,Die Alone,"[27, 53]",2024,5.9,74.37
12193,Four Christmases,"[35, 10749, 18]",2008,5.8,74.319
13183,Watchmen,"[9648, 28, 878]",2009,7.338,74.25
273481,Sicario,"[28, 80, 53]",2015,7.404,74.181
324568,Delinquent in Drag,"[16, 35, 28]",1992,4.0,74.179
436969,The Suicide Squad,"[28, 35, 12]",2021,7.5,73.826
459910,Braven,"[18, 28, 53]",2018,6.18,73.765
748230,Salem's Lot,[27],2024,6.2,73.71
1992,Planet Terror,"[27, 28, 53]",2007,6.677,73.692
901060,Seven Cemeteries,"[27, 28, 14, 53]",2024,5.389,64.147
1376704,Buy Now! The Shopping Conspiracy,[99],2024,6.895,81.884
1376704,Buy Now! The Shopping Conspiracy,[99],2024,6.895,81.884
1104102,Swing Into Romance,"[10749, 35, 10770]",2023,7.8,73.596
1041613,Immaculate,"[27, 9648, 53]",2024,6.257,70.361
1094844,Ape vs Mecha Ape,"[28, 878]",2023,5.8,61.798
18823,Clash of the Titans,"[12, 14, 28]",2010,5.9,71.007
914215,Humane,"[53, 27, 878]",2024,5.29,61.406
13673,Christmas with the Kranks,"[35, 10751]",2004,6.1,55.242
567609,Ready or Not,"[27, 35]",2019,7.0,99.745
2454,The Chronicles of Narnia: Prince Caspian,"[12, 10751, 14]",2008,6.6,54.232
18239,The Twilight Saga: New Moon,"[12, 14, 18, 10749]",2009,6.0,58.721
512200,Jumanji: The Next Level,"[12, 35, 14]",2019,6.906,73.477
934866,Bad Genius,"[18, 53]",2024,6.133,56.839
1137205,Last Straw,"[18, 27, 53]",2024,6.488,54.219
355547,The Star,"[35, 12, 16, 10751, 14]",2017,6.325,102.194
724109,Hole-in-law,[10749],2020,6.4,69.474
965143,Cyber Hell: Exposing an Internet Horror,[99],2022,7.2,57.41
49013,Cars 2,"[16, 10751, 12, 35]",2011,6.133,73.443
545611,Everything Everywhere All at Once,"[28, 12, 878]",2022,7.8,69.95
273481,Sicario,"[28, 80, 53]",2015,7.404,74.181
18240,The Proposal,"[35, 10749, 18]",2009,7.155,52.418
20526,TRON: Legacy,"[12, 28, 878]",2010,6.5,101.655
520763,A Quiet Place Part II,"[878, 53, 27]",2021,7.5,76.406
225886,Sex Tape,[35],2014,5.403,101.622
278927,The Jungle Book,"[10751, 12, 18, 14]",2016,6.867,58.39
35019,Nanny McPhee and the Big Bang,"[35, 14, 10751]",2010,6.294,43.528
654974,Home Sweet Home Alone,"[35, 80, 10751]",2021,4.9,101.522
1050035,Monster,"[9648, 53, 18]",2023,7.971,60.158
87101,Terminator Genisys,"[878, 28, 53, 12]",2015,5.935,62.473
193756,Lone Survivor,"[10752, 28, 18]",2013,7.4,101.426
953,Madagascar,"[10751, 16, 12, 35]",2005,6.9,101.391
1026436,Miller's Girl,"[53, 35, 18]",2024,6.504,58.423
622792,Kanguva,"[28, 53, 14]",2024,3.9,72.412
333339,Ready Player One,"[12, 28, 878]",2018,7.595,70.855
948549,Love Lies Bleeding,"[10749, 80, 53]",2024,6.5,78.168
44683,Tinker Bell and the Great Fairy Rescue,"[16, 12, 10751, 14]",2010,6.734,43.354
348350,Solo: A Star Wars Story,"[878, 12, 28]",2018,6.6,57.58
274291,Maladonna,[18],1984,5.0,91.191
493922,Hereditary,"[27, 9648, 53]",2018,7.3,70.324
508442,Soul,"[16, 10751, 35, 14]",2020,8.123,57.822
36593,Naked Gun 33⅓: The Final Insult,"[35, 80]",1994,6.479,80.794
624091,Sri Asih,"[28, 12, 878, 14, 18]",2022,6.5,72.805
19899,Couples Retreat,"[35, 10749]",2009,5.55,72.783
11969,Tombstone,"[37, 28]",1993,7.6,72.745
26827,Who's That Girl,"[35, 10749]",1987,5.5,72.682
927342,Amaran,"[28, 18, 10752]",2024,7.385,72.568
359940,"Three Billboards Outside Ebbing, Missouri","[80, 18]",2017,8.069,72.499
11395,The Santa Clause,"[14, 18, 35, 10751]",1994,6.5,72.497
1903,Vanilla Sky,"[878, 10749, 18, 14, 53, 9648]",2001,6.8,72.422
622792,Kanguva,"[28, 53, 14]",2024,3.9,72.412
13313,Beauty and the Beast: The Enchanted Christmas,"[16, 10751, 14]",1997,6.2,72.376
346648,Paddington 2,"[12, 35, 10751]",2017,7.5,72.369
1880,Red Dawn,"[28, 53, 10752, 18, 878]",1984,6.282,72.303
1079394,The Five,[37],2023,6.1,72.269
578,Jaws,"[27, 53, 12]",1975,7.7,72.265
637534,The Stronghold,"[53, 28, 80]",2021,7.419,72.255
277,Underworld,"[14, 28, 53]",2003,6.829,72.239
429,"The Good, the Bad and the Ugly",[37],1966,8.464,72.158
260514,Cars 3,"[10751, 16, 12, 35]",2017,6.855,72.144
6282,Coyote Ugly,"[35, 18, 10402, 10749]",2000,6.259,72.139
350,The Devil Wears Prada,"[18, 35]",2006,7.393,72.113
1005076,Duchess,"[28, 80, 53]",2024,6.2,72.101
1008953,Incoming,[35],2024,6.2,71.982
112160,Sexual Chronicles of a French Family,"[35, 18, 10749]",2012,5.4,71.938
98566,Teenage Mutant Ninja Turtles,"[878, 28, 12, 35]",2014,5.92,71.824
832964,Lee,"[36, 18, 10752]",2024,7.1,71.755
637693,Spirit Untamed,"[16, 12, 10751]",2021,7.283,71.673
1262983,MadS,"[27, 53]",2024,7.1,71.66
566810,The Dark Kingdom,"[14, 12, 878, 28]",2018,5.851,71.604
39254,Real Steel,"[28, 878, 18]",2011,7.035,71.575
901362,Trolls Band Together,"[16, 10751, 10402, 14, 35]",2023,7.3,71.574
313369,La La Land,"[35, 18, 10749, 10402]",2016,7.9,71.486
65754,The Girl with the Dragon Tattoo,"[53, 80, 9648]",2011,7.4,71.45
205584,Gods of Egypt,"[28, 12, 14]",2016,5.7,71.358
615,The Passion of the Christ,[18],2004,7.503,71.356
19913,(500) Days of Summer,"[35, 18, 10749]",2009,7.3,71.353
283995,Guardians of the Galaxy Vol. 2,"[878, 12, 28]",2017,7.6,71.209
305470,Power Rangers,"[28, 12, 878]",2017,6.3,71.203
436270,Black Adam,"[28, 12, 878]",2022,6.9,71.141
480530,Creed II,"[18, 28]",2018,7.036,71.13
713704,Evil Dead Rise,"[27, 53]",2023,6.944,71.053
93456,Despicable Me 2,"[16, 35, 10751]",2013,6.9,56.549
27582,The Mechanic,"[28, 53, 80]",2011,6.523,98.358
274855,Geostorm,"[28, 878, 53]",2017,6.1,98.239
2758,Addams Family Values,"[35, 10751, 14]",1993,6.957,49.521
273248,The Hateful Eight,"[18, 9648, 37]",2015,7.754,44.515
231001,All Hallows' Eve,[27],2013,5.7,66.012
660982,American Pie Presents: Girls' Rules,[35],2020,6.147,94.763
744,Top Gun,"[28, 18]",1986,7.1,58.999
68721,Iron Man 3,"[28, 12, 878]",2013,6.931,89.501
45612,Source Code,"[53, 878, 9648]",2011,7.304,41.983
204082,Homefront,"[28, 53]",2013,6.944,97.91
37799,The Social Network,[18],2010,7.4,75.476
8363,Superbad,[35],2007,7.2,64.465
848326,Rebel Moon - Part One: A Child of Fire,"[878, 18, 28, 10752]",2023,6.309,68.014
753342,Napoleon,"[36, 10752, 10749]",2023,6.4,68.259
677179,Creed III,"[18, 28]",2023,7.1,75.486
639933,The Northman,"[28, 12, 14]",2022,7.1,97.455
1145291,The Forbidden Play,"[27, 53]",2023,5.8,51.783
57800,Ice Age: Continental Drift,"[16, 35, 12, 10751]",2012,6.4,60.431
10009,Brother Bear,"[12, 16, 10751]",2003,7.267,77.667
1130053,Cinderella's Curse,"[27, 14]",2024,6.3,70.346
493922,Hereditary,"[27, 9648, 53]",2018,7.3,70.324
1042834,Eden,"[53, 18]",2024,7.0,70.314
1281826,One Fast Move,"[28, 18, 10749]",2024,6.8,70.297
64635,Total Recall,"[28, 878, 53]",2012,6.014,70.237
1284004,May the 12th Be with You,"[16, 35]",2024,5.5,70.172
489,Good Will Hunting,[18],1997,8.157,70.161
49444,Kung Fu Panda 2,"[16, 10751, 35]",2011,7.034,70.149
379149,The Foreigner,"[28, 53]",2017,6.969,70.133
64690,Drive,"[18, 53, 80]",2011,7.6,70.099
264980,Loves of a French Pussycat,[35],1972,3.7,70.094
1294203,My Fault: London,"[10749, 18]",2025,0.0,70.046
869291,Cuckoo,"[27, 9648, 878]",2024,5.8,70.022
545611,Everything Everywhere All at Once,"[28, 12, 878]",2022,7.8,69.95
10528,Sherlock Holmes,"[28, 12, 80, 9648]",2009,7.214,69.943
343668,Kingsman: The Golden Circle,"[28, 12, 35]",2017,6.967,69.939
35,The Simpsons Movie,"[16, 35, 10751]",2007,7.0,69.858
461928,Anna and the Apocalypse,"[27, 35, 14]",2018,6.036,69.836
1128941,The Demon Disorder,[27],2024,5.7,69.74
135397,Jurassic World,"[28, 12, 878, 53]",2015,6.692,69.709
11544,Lilo & Stitch,"[16, 10751, 35]",2002,7.5,69.671
1933,The Others,"[27, 9648, 53]",2001,7.612,69.621
628,Interview with the Vampire,"[27, 18, 14]",1994,7.382,69.611
820232,Demon Slayer: Kimetsu no Yaiba – Sibling's Bond,"[16, 28, 14, 53]",2019,7.9,69.607
769,GoodFellas,"[18, 80]",1990,8.5,69.585
109418,Grown Ups 2,[35],2013,6.141,69.568
350499,Pokémon the Movie: Hoopa and the Clash of Ages,"[10751, 12, 16, 28, 14]",2015,6.8,69.53
64682,The Great Gatsby,"[18, 10749]",2013,7.366,69.503
632357,The Unholy,"[27, 9648]",2021,6.591,69.481
724109,Hole-in-law,[10749],2020,6.4,69.474
1088096,Goodrich,"[35, 18]",2024,5.659,69.429
10780,Overboard,"[35, 10749]",1987,6.838,69.384
12594,Wishmaster 2: Evil Never Dies,"[14, 27]",1999,5.5,69.34
275,Fargo,"[80, 18, 53]",1996,7.9,69.119
1097549,Babygirl,[18],2024,0.0,69.108
10555,Shark Tale,"[16, 28, 35, 10751]",2004,6.029,69.102
1154864,Cursed,"[27, 28, 18]",2023,6.6,69.098
1579,Apocalypto,"[28, 18, 36]",2006,7.577,69.049
812,Aladdin,"[16, 10751, 12, 14, 10749]",1992,7.652,69.008
399579,Alita: Battle Angel,"[28, 878, 12]",2019,7.24,69.005
575265,Mission: Impossible - The Final Reckoning,"[28, 12, 53]",2025,0.0,69.003
4348,Pride & Prejudice,"[18, 10749]",2005,8.072,69.0
45243,The Hangover Part II,[35],2011,6.483,68.996
280,Terminator 2: Judgment Day,"[28, 53, 878]",1991,8.1,68.941
206647,Spectre,"[28, 12, 53]",2015,6.5,68.839
289,Casablanca,"[18, 10749]",1943,8.2,68.754
464026,Let's Go To Rose Motel,"[18, 10749]",2013,4.0,68.728
1091267,The Well,[27],2024,5.7,68.681
281338,War for the Planet of the Apes,"[18, 878, 10752]",2017,7.205,68.671
293167,Kong: Skull Island,"[28, 12, 14]",2017,6.545,68.637
1027073,In the Land of Saints and Sinners,"[28, 53]",2023,6.5,68.551
338953,Fantastic Beasts: The Secrets of Dumbledore,"[14, 12]",2022,6.653,68.548
581726,Infinite,"[878, 28, 12, 53]",2021,6.6,68.519
2059,National Treasure,"[12, 28, 53, 9648]",2004,6.636,68.516
8355,Ice Age: Dawn of the Dinosaurs,"[16, 35, 10751, 12]",2009,6.755,68.479
658,Goldfinger,"[12, 28, 53]",1964,7.3,68.474
1209217,Case Closed: The Million-Dollar Pentagram,"[16, 80, 9648, 28]",2024,6.9,68.404
746349,Killing Romance,"[53, 35]",2023,6.3,68.369
11324,Shutter Island,"[18, 53, 9648]",2010,8.2,68.366
541671,From the World of John Wick: Ballerina,"[28, 53, 80]",2025,0.0,68.362
568160,Weathering with You,"[16, 18, 14, 10749]",2019,7.997,68.351
4513,30 Days of Night,"[27, 53]",2007,6.426,68.342
1010600,The Strangers: Chapter 1,"[27, 53]",2024,5.9,68.301
10184,He's Just Not That Into You,"[35, 10749, 18]",2009,6.58,68.293
131631,The Hunger Games: Mockingjay - Part 1,"[878, 12, 53]",2014,6.813,68.283
985939,Fall,"[53, 28]",2022,7.166,68.262
753342,Napoleon,"[36, 10752, 10749]",2023,6.4,68.259
217,Indiana Jones and the Kingdom of the Crystal Skull,"[12, 28]",2008,6.01,68.187
626412,Alienoid: Return to the Future,"[878, 28, 14, 12]",2024,6.574,68.115
1028703,The OctoGames,"[53, 28, 27]",2022,5.433,68.09
3595,Ransom,"[28, 53]",1996,6.7,68.067
848326,Rebel Moon - Part One: A Child of Fire,"[878, 18, 28, 10752]",2023,6.309,68.014
203801,The Man from U.N.C.L.E.,"[35, 28, 12]",2015,7.089,67.957
792,Platoon,"[18, 10752, 28]",1986,7.742,67.83
291870,Dirty Grandpa,[35],2016,5.932,67.728
799379,Project Wolf Hunting,"[28, 53, 27, 80]",2022,6.39,67.713
423108,The Conjuring: The Devil Made Me Do It,"[27, 9648, 53]",2021,7.4,67.614
379686,Space Jam: A New Legacy,"[10751, 16, 35, 878]",2021,6.72,67.558
556803,The Princess Switch,"[10749, 35]",2018,7.0,67.377
278154,Ice Age: Collision Course,"[12, 16, 10751, 35, 878]",2016,6.1,67.368
756999,The Black Phone,"[27, 53]",2022,7.594,67.305
49026,The Dark Knight Rises,"[28, 80, 18, 53]",2012,7.781,67.25
554596,No Manches Frida 2: Paradise Lost,[35],2019,7.946,67.219
4824,The Jackal,"[28, 53, 12, 80]",1997,6.374,67.176
36685,The Rocky Horror Picture Show,"[35, 878, 14, 27]",1975,7.457,67.141
637,Life Is Beautiful,"[35, 18]",1997,8.449,67.127
1001783,"LaRoy, Texas","[80, 35, 53]",2024,6.9,67.1
798021,Family Switch,"[35, 14, 10751]",2023,6.398,67.085
14035,Meatballs,[35],1979,5.8,67.05
194662,Birdman or (The Unexpected Virtue of Ignorance),"[18, 35]",2014,7.464,67.034
1317218,Mr. Crocket,[27],2024,5.1,67.033
37707,Splice,"[27, 878]",2010,5.9,67.014
8009,Highlander,"[12, 28, 14]",1986,6.9,66.949
1076487,Warhorse One,"[10752, 28, 18]",2023,7.2,66.924
935271,After the Pandemic,"[878, 28]",2022,5.089,66.834
1167898,Straight,[10749],2024,6.0,66.688
223702,Sausage Party,"[12, 16, 35, 14]",2016,5.749,66.66
2024,The Patriot,"[18, 36, 10752, 28]",2000,7.181,66.658
36669,Die Another Day,"[12, 28, 53]",2002,5.984,66.649
187,Sin City,"[53, 28, 80]",2005,7.459,66.601
